CPC529,Bond Strength,ASTM C881
CPC530,Compliance (Lump Sum),ASTM C881
CON233,Contact Strength,ASTM C882
SPL226,Flexural Strength,ASTM C880
SPL002,Flexural Strength of Dimension Stone,ASTM C880/C880M
CPH290,Gel Time,ASTM C881
T00092,Gel Time,ASTM C881
SPL243,Limestone - Flexural Strength,ASTM C880/C880M
T00091,Pot Life,ASTM C881
CPC163,Shear Bond Strength - Epoxy Resin,ASTM C882
CON232,Slant Shear Bond Strength,ASTM C882
ASO173,Soundness of Fine Aggregates,ASTM C88
ASO172,Soundness Test,ASTM C88
